{
    "Input files": {
        "Magdata_file_path": "C:\\Users\\Sharj\\AppData\\Roaming\\QGIS\\QGIS3\\profiles\\default\\python\\plugins\\PETER_ROSOR_mag_clipper\\test_data\\SRVY0-ACQU109_RAW.csv",
        "Magdata_file_path_SELECT_FILE": "true",
        "Magdata_file_path_COMMENT": "A \".magdata\" file is downloaded from the MagArrow sensor. QaQc is done here.",
        "Flight_lines_file_path": "C:\\Users\\Sharj\\AppData\\Roaming\\QGIS\\QGIS3\\profiles\\default\\python\\plugins\\PETER_ROSOR_mag_clipper\\test_data\\mag_Lines\\split_extended_mag_all_lines_named.dbf",
        "Flight_lines_file_path_SELECT_LAYER": "true",
        "Flight_lines_file_path_COMMENT": "Select the file that has the flight line",
        "Flight_lines_file_path_VIDEO": "Flight_lines_file_path.mp4"
    },
    "Auto_renaming": {
        "Auto_rename": false,
        "Provide_path_to_2d_flights": "C:\\Users\\Sharj\\AppData\\Roaming\\QGIS\\QGIS3\\profiles\\default\\python\\plugins\\PETER_ROSOR_mag_clipper\\test_data\\2d_mag_flights",
        "Provide_path_to_2d_flights_COMMENT": "This will rename the clean csvs to match the names of the provided kml flights",
        "Provide_path_to_2d_flights_SELECT_FOLDER": "true",
        "Provide_path_to_2d_flights_VIDEO": "Provide_path_to_2d_flights_VIDEO.mp4",
        "If no match, split data": true,
        "If no match, split data_VIDEO": "split_data_if_no_match.mp4"
    },
    "Parameters": {
        "EPSG_code_of_area": 32609.0,
        "EPSG_code_of_area_COMMENT": "This app needs to know what UTM_zone to convert the data to",
        "EPSG_code_of_area_VIDEO": "EPSG_code_of_area_VIDEO.mp4",
        "Y_axis_display_range_override": 1000.0,
        "Y_axis_display_range_override_COMMENT": "This will change scale in the magnetic intensity plots. set to 0 for it to be automatically scaled",
        "Y_axis_display_range_override_VIDEO": "Y_axis_display_range_override_VIDEO.mp4",
        "Line Detection": {
            "line_detection_threshold": 20.0,
            "line_detection_threshold_COMMENT": "The area at the end of each flightline that helps determine which flightline the data belongs to",
            "filter_out_lines_based_on_direction_thresh_percent": 40.0,
            "filter_out_lines_based_on_direction_thresh_percent_COMMENT": "Usually 80%. Line is kept if its flying in the same direction 80% of the time. Otherwise rejected."
        },
        "acceptable_deviation_from_flightline": 5.0,
        "acceptable_deviation_from_flightline_COMMENT": "Distance in meters that the mag can fly off-course and not be marked",
        "acceptable_minimum_velocity": 1.0,
        "acceptable_minimum_velocity_COMMENT": "The slowest acceptable drone velocity in meters per second. This helps detect when the drone stops mid-flightline.",
        "Noise Detection": {
            "range_noise_threshold": 40.0,
            "range_noise_threshold_COMMENT": "do not change these values without Peter's or Geophysicist's approval. original value 40",
            "range_noise_number_of_points": 20,
            "range_noise_number_of_points_COMMENT": "do not change these values without  Peter's or Geophysicist's approval. original value 20"
        }
    },
    "save_whole_qgis_project_when_done": false,
    "use_parent_folder_name_as_layer_group_name": true,
    "First Time Setup": {
        "Survey_Manager_exe_path": "C:\\Program Files\\Geometrics\\SurveyManager\\SurveyManager.exe",
        "Survey_Manager_exe_path_SELECT_FILE": "true",
        "Survey_Manager_exe_path_COMMENT": "Survey Manager app opens \".magdata\" files and converts them to \".csv\" for this app to use it",
        "Survey_Manager_exe_path_VIDEO": "Survey_Manager_exe_path_VIDEO.mp4"
    },
    "Close this window on accept": false
}