{
    "Input_files": {
        "Open either folder or file_RADIO": {
            "\ud83d\udcc2 All 2D flights in a folder": true,
            "\ud83d\uddcf  A singe 2D flight file": false
        },
        "\ud83d\udcc2 2D flights folder": "G:\\Shared drives\\Rosor\\2024 - 2025\\Projects\\project-dlm-senoa-rogue\\Ram\\Mag_flights\\TOF_1_Flights_2D",
        "\ud83d\udcc2 2D flights folder_SELECT_FOLDER": "true",
        "\ud83d\uddcf 2D flight file": "G:/Shared drives/Rosor/2024 - 2025/Projects/project-dlm-senoa-rogue/Ram/Lidar Flights Dynamic/TOF3/2D_flights/south/tof_3new_S_flt_v14.shp",
        "\ud83d\uddcf 2D flight file_SELECT_LAYER": "true",
        "Surface data": {
            "surface_geotiff": "G:\\Shared drives\\Rosor\\2024 - 2025\\Projects\\project-dlm-senoa-rogue\\Ram\\LIDAR_DATA\\COMBINED\\DSM.tif",
            "surface_geotiff_SELECT_LAYER": "true",
            "surface_geotiff_COMMENT": "raster representing treetops, ground and everything else"
        },
        "Ground data": {
            "no_elevation_data": false,
            "no_elevation_data_COMMENT": "Will ignore elevation_geotiff and will follow surface ",
            "elevation_geotiff": "G:\\Shared drives\\Rosor\\2024 - 2025\\Projects\\project-dlm-senoa-rogue\\Ram\\LIDAR_DATA\\COMBINED\\DEM.tif",
            "elevation_geotiff_SELECT_LAYER": "true",
            "elevation_geotiff_COMMENT": "raster representing just ground and water"
        },
        "geotiffs_vertical_datum_is_ASL": false,
        "geotiffs_vertical_datum_is_ASL_COMMENT": "the input rasters above are referenced to sea level. (e.g. EGM96) if false assumed reference is ellipsoid"
    },
    "Select ONE Output file option:_RADIO": {
        "DJI Mag or Lidar Flight": true,
        "DJI Mag or Lidar Flight_COMMENT": "Normal 3D waypoint DJI drone flight. No camera triggering. (.kmz)",
        "DJI Ortho Photo Flight": false,
        "DJI Ortho Photo Flight_COMMENT": "The drone will face the camera down and trigger 1/s. (.kmz)",
        "Ardupilot 3D Waypoints": false,
        "Ardupilot 3D Waypoints_COMMENT": "Output file will be for Ardupilot type drone (.waypoints)"
    },
    "Settings": {
        "flight_speed": 6.0,
        "horizontal_safety_buffer_per_side": 5.0,
        "horizontal_safety_buffer_per_side_COMMENT": "meters",
        "Altitude": {
            "payload_rope_length": 5.0,
            "payload_rope_length_COMMENT": "meters",
            "payload_separation_from_surface": 28.0,
            "payload_separation_from_surface_COMMENT": "meters",
            "payload_distance_from_ground": 40.0,
            "payload_distance_from_ground_COMMENT": "meters"
        },
        "Output_waypoint_amount_and_spacing": {
            "regular_distance_between_waypoints": 100.0,
            "regular_distance_between_waypoints_COMMENT": "meters",
            "closest_allowable_dist_between_waypoints": 5.0,
            "closest_allowable_dist_between_waypoints_COMMENT": "meters"
        },
        "simplification_buffer": 1.0,
        "simplification_buffer_COMMENT": "meters, can decrease separation from objects by this amount",
        "max_turn_radius": 20,
        "max_turn_radius_COMMENT": "meters, turn radius will be set to this where space allows it. this will cut corners so use with caution",
        "open_layer_upon_completion": true,
        "open_layer_upon_completion_COMMENT": "Open layer in QGIS after processing is done"
    },
    "Close this window on accept": true
}