{
    "GeoTiff Layer": "R:\\BAN_LIDAR_FIXING_STUFF\\Fix_cliff_Tof2_Flt17_Ln2\\Tof2_Flt17_Ln2-2024-10-10-18-30-00_412419.120_412568.210_clif_corrector.tiff",
    "GeoTiff Layer_SELECT_LAYER": "true",
    "GeoTiff Layer_COMMENT": "Select the Geotiff layer you want to edit",
    "Extend perpendicularly": true,
    "Extend perpendicularly_COMMENT": "If not checked, a single straight line path of interpolation will be applied to the geotiff pixels.",
    "Extension parameters": {
        "Blocking Value": "-9",
        "Blocking Value_COMMENT": "This is the value that you can assign to geotiff pixels to stop the perpendicular propagation assignment of values."
    },
    "Modes_RADIO": {
        "Assignment": false,
        "Assignment_COMMENT": "This is the normal mode. \nClick on two pixels and the pixels between them will be assigned values that gradually ramp between them. \nThe smooth ramping is called interpolation. All modes use interpolated values but do different things with them.",
        "Addition": true,
        "Addition_COMMENT": "Instead of assigning pixel values directly, the interpolated values will be ADDED to the existing pixel values. \nSo if you click on pixel with value 0 then 1, halfway way between them has an interpolated value of 0.5. \nSo the existing pix at the halfway location will be *0.5",
        "Multiplication": false,
        "Multiplication_COMMENT": "Instead of assigning pixel values directly, the interpolated values will MULTIPLIED by existing pixel values. \nSo if you click on pixel with value 0 then 1, halfway way between them has an interpolated value of 0.5. \nSo the existing pix at the halfway location will be +0.5"
    },
    "Close this window on accept": true
}